{
 "K": [
  [
   680.858765439063,
   0.0,
   316.0156608465018
  ],
  [
   0.0,
   676.7749806980215,
   261.9956536703668
  ],
  [
   0.0,
   0.0,
   1.0
  ]
 ],
 "d": [
  3.0
 ],
 "distortion": [
  [
   0.19420462689820783,
   -1.4541118881984056,
   -0.004709531862808763,
   0.0027320399594192957,
   3.381879871341085
  ]
 ],
 "h": [
  2.0
 ],
 "pan": [
  0
 ],
 "tilt": [
  30.0
 ]
}