{
 "K": [
  [
   1133.1747829555597,
   0.0,
   686.9279669952181
  ],
  [
   0.0,
   1132.5247967097996,
   333.66806237717213
  ],
  [
   0.0,
   0.0,
   1.0
  ]
 ],
 "d": [
  2
 ],
 "distortion": [
  [
   0.07481802329343042,
   1.7395887318617442,
   -0.002376345430061822,
   0.027689359462066042,
   0.37167247056819813
  ]
 ],
 "h": [
  1.0
 ],
 "pan": [
  5.0
 ],
 "tilt": [
  0
 ]
}